section,subsection,item_no,description,description_original,unit,price,currency,price_type,page_number,category,subcategory,remarks
1,1.1,1.1.1,"Demolishing the lamera wall","Demolishing the lamera wall",m²,172.41,ETB,Direct Cost,6,Demolition,Demolition,
1,1.1,1.1.2,"Demolishing the existing CIS wall","Demolishing the existing CIS wall",m²,32.33,ETB,Direct Cost,6,Demolition,Demolition,
1,1.1,1.1.3,"Demolishing of wooden wall","Demolishing of wooden wall",m²,182.53,ETB,Direct Cost,6,Demolition,Demolition,
1,1.1,1.1.4,"Demolishing of gypsum wall","Demolishing of gypsum wall",m²,91.27,ETB,Direct Cost,6,Demolition,Demolition,
1,1.1,1.1.5,"Demolishing the CIS roof","Demolishing the CIS roof",m²,51.72,ETB,Direct Cost,6,Demolition,Demolition,
1,1.1,1.1.6,"Demolishing of 7x5 cm zigba purline","Demolishing of 7x5 cm zigba purline",ml,25.86,ETB,Direct Cost,6,Demolition,Demolition,
1,1.1,1.1.7,"Demolishing of eucalyptus upper & lower chords","Demolishing of eucalyptus upper & lower chords",ml,79.91,ETB,Direct Cost,6,Demolition,Demolition,
1,1.1,1.1.8,"Dimolish RHS purline","Dimolish RHS purline",ml,43.10,ETB,Direct Cost,6,Demolition,Demolition,
1,1.1,1.1.9,"Dimolishing the RHS truss.","Dimolishing the RHS truss.",ml,103.01,ETB,Direct Cost,6,Demolition,Demolition,
1,1.1,1.1.10,"Desmantling Gutter","Desmantling Gutter",ml,34.30,ETB,Direct Cost,6,Demolition,Demolition,
1,1.1,1.1.11,"Desmantling down pipe","Desmantling down pipe",ml,69.82,ETB,Direct Cost,6,Demolition,Demolition,
1,1.1,1.1.12,"Demolishing the chipwood ceiling","Demolishing the chipwood ceiling",m²,119.56,ETB,Direct Cost,6,Demolition,Demolition,
1,1.1,1.1.13,"Demolishing the timber ceiling","Demolishing the timber ceiling",m²,166.06,ETB,Direct Cost,6,Demolition,Demolition,
1,1.1,1.1.14,"Demolishing the abujedid ceiling","Demolishing the abujedid ceiling",m²,41.51,ETB,Direct Cost,6,Demolition,Demolition,
1,1.1,1.1.15,"Dismantle the metal doors from the wall.","Dismantle the metal doors from the wall.",m²,169.07,ETB,Direct Cost,6,Demolition,Demolition,
1,1.1,1.1.16,"Dismantle the metal windows from the wall.","Dismantle the metal windows from the wall.",m²,152.16,ETB,Direct Cost,6,Demolition,Demolition,
1,1.1,1.1.17,"Desmantling fascia board","Desmantling fascia board",ml,47.65,ETB,Direct Cost,6,Demolition,Demolition,
1,1.1,1.1.18,"Desmantling ridge & copping","Desmantling ridge & copping",ml,68.60,ETB,Direct Cost,6,Demolition,Demolition,
1,1.1,1.1.19,"Demolishing the PVC floor tile","Demolishing the PVC floor tile",m²,45.63,ETB,Direct Cost,6,Demolition,Demolition,
1,1.1,1.1.20,"Demolishing kitchen sink","Demolishing kitchen sink",pcs,70.46,ETB,Direct Cost,6,Demolition,Demolition,
1,1.1,1.1.21,"Demolishing toilet WC,HW,turkish seat","Demolishing toilet WC,HW,turkish seat",pcs,211.37,ETB,Direct Cost,6,Demolition,Demolition,
1,1.1,1.1.22,"Desmantling of wooden door & window","Desmantling of wooden door & window",m²,135.47,ETB,Direct Cost,6,Demolition,Demolition,
1,1.2,1.2.1,"Masonry Structure (BGL)","Masonry Structure (BGL)",m³,580.90,ETB,Direct Cost,6,Demolition,Structures,
1,1.2,1.2.2,"Masonry Structure (AGL)","Masonry Structure (AGL)",m³,774.54,ETB,Direct Cost,6,Demolition,Structures,
1,1.2,1.2.3,"Demolishing of 25cm thick hardcore","Demolishing of 25cm thick hardcore",m²,54.56,ETB,Direct Cost,6,Demolition,Structures,
1,1.2,1.2.4,"Concrete Structures","Concrete Structures",m³,"2,580.74",ETB,Direct Cost,6,Demolition,Structures,
1,1.2,1.2.5,"10cm thick HCB Structure","10cm thick HCB Structure",m²,55.46,ETB,Direct Cost,6,Demolition,Structures,
1,1.2,1.2.6,"15cm thick HCB Structure","15cm thick HCB Structure",m²,73.61,ETB,Direct Cost,6,Demolition,Structures,
1,1.2,1.2.7,"20cm thick HCB Structure","20cm thick HCB Structure",m²,103.06,ETB,Direct Cost,7,Demolition,Structures,
1,1.2,1.2.8,"Terrazzo floor","Terrazzo floor",m²,114.51,ETB,Direct Cost,7,Demolition,Structures,
1,1.2,1.2.9,"Cement screed floor","Cement screed floor",m²,25.77,ETB,Direct Cost,7,Demolition,Structures,
1,1.2,1.2.10,"8cm thick Mass concrete floor","8cm thick Mass concrete floor",m²,34.35,ETB,Direct Cost,7,Demolition,Structures,
1,1.2,1.2.11,"30x120x3cm thick marble tread","30x120x3cm thick marble tread",pcs,227.83,ETB,Direct Cost,7,Demolition,Structures,
1,1.2,1.2.12,"15x120x3cm thick marble riser","15x120x3cm thick marble riser",pcs,170.87,ETB,Direct Cost,7,Demolition,Structures,
1,1.2,1.2.13,"Steel Structure","Steel Structure",kg,10.61,ETB,Direct Cost,7,Demolition,Structures,
1,1.2,1.2.14,"Demolishing the ceramic wall tile","Demolishing the ceramic wall tile",m²,114.51,ETB,Direct Cost,7,Demolition,Structures,
1,1.2,1.2.15,"Demolishing the ceramic floor tile (6 & 8 mm thick) (From 1st -3rd floor)","Demolishing the ceramic floor tile (6 & 8 mm thick) (From 1st -3rd floor)",m²,128.83,ETB,Direct Cost,7,Demolition,Structures,
1,1.2,1.2.16,"Concrete Structures","Concrete Structures",m³,"3,236.74",ETB,Direct Cost,7,Demolition,Structures,
1,1.2,1.2.17,"10cm thick HCB Structure","10cm thick HCB Structure",m²,78.23,ETB,Direct Cost,7,Demolition,Structures,
1,1.2,1.2.18,"15cm thick HCB Structure","15cm thick HCB Structure",m²,100.59,ETB,Direct Cost,7,Demolition,Structures,
1,1.2,1.2.19,"20cm thick HCB Structure","20cm thick HCB Structure",m²,140.82,ETB,Direct Cost,7,Demolition,Structures,
1,1.2,1.2.20,"Terrazzo floor","Terrazzo floor",m²,150.07,ETB,Direct Cost,7,Demolition,Structures,
1,1.2,1.2.21,"Cement screed floor","Cement screed floor",m²,33.77,ETB,Direct Cost,7,Demolition,Structures,
1,1.2,1.2.22,"30x120x3cm thick marble tread","30x120x3cm thick marble tread",m²,281.17,ETB,Direct Cost,7,Demolition,Structures,
1,1.2,1.2.23,"15x120x3cm thick marble riser","15x120x3cm thick marble riser",m²,210.87,ETB,Direct Cost,7,Demolition,Structures,
1,1.2,1.2.24,"Steel Structure","Steel Structure",kg,13.11,ETB,Direct Cost,7,Demolition,Structures,
1,1.2,1.2.25,"Demolishing the ceramic wall tile","Demolishing the ceramic wall tile",m²,150.07,ETB,Direct Cost,7,Demolition,Structures,
1,1.2,1.2.26,"Demolishing the ceramic floor tile (6 & 8 mm thick) (From 4th -7th floor)","Demolishing the ceramic floor tile (6 & 8 mm thick) (From 4th -7th floor)",m²,168.83,ETB,Direct Cost,7,Demolition,Structures,
1,1.2,1.2.27,"Concrete Structures","Concrete Structures",m³,"4,036.74",ETB,Direct Cost,7,Demolition,Structures,
1,1.2,1.2.28,"10cm thick HCB Structure","10cm thick HCB Structure",m²,80.82,ETB,Direct Cost,7,Demolition,Structures,
1,1.2,1.2.29,"15cm thick HCB Structure","15cm thick HCB Structure",m²,103.91,ETB,Direct Cost,7,Demolition,Structures,
1,1.2,1.2.30,"20cm thick HCB Structure","20cm thick HCB Structure",m²,145.47,ETB,Direct Cost,7,Demolition,Structures,
1,1.2,1.2.31,"Terrazzo floor","Terrazzo floor",m²,161.63,ETB,Direct Cost,7,Demolition,Structures,
1,1.2,1.2.32,"Cement screed floor","Cement screed floor",m²,36.37,ETB,Direct Cost,7,Demolition,Structures,
1,1.2,1.2.33,"30x120x3cm thick marble tread","30x120x3cm thick marble tread",m²,324.90,ETB,Direct Cost,7,Demolition,Structures,
1,1.2,1.2.34,"15x120x3cm thick marble riser","15x120x3cm thick marble riser",m²,243.67,ETB,Direct Cost,7,Demolition,Structures,
1,1.2,1.2.35,"Steel Structure","Steel Structure",kg,19.32,ETB,Direct Cost,7,Demolition,Structures,
1,1.2,1.2.36,"Demolishing the ceramic wall tile","Demolishing the ceramic wall tile",m²,185.62,ETB,Direct Cost,8,Demolition,Structures,
1,1.2,1.2.37,"Demolishing the ceramic floor tile (6 & 8 mm thick) (From 8th -12th floor)","Demolishing the ceramic floor tile (6 & 8 mm thick) (From 8th -12th floor)",m²,208.83,ETB,Direct Cost,8,Demolition,Structures,
1,1.2,1.2.38,"Concrete Structures","Concrete Structures",m³,"4,836.74",ETB,Direct Cost,8,Demolition,Structures,
1,1.2,1.2.39,"10cm thick HCB Structure","10cm thick HCB Structure",m²,115.36,ETB,Direct Cost,8,Demolition,Structures,
1,1.2,1.2.40,"15cm thick HCB Structure","15cm thick HCB Structure",m²,126.76,ETB,Direct Cost,8,Demolition,Structures,
1,1.2,1.2.41,"20cm thick HCB Structure","20cm thick HCB Structure",m²,177.47,ETB,Direct Cost,8,Demolition,Structures,
1,1.2,1.2.42,"Terrazzo floor","Terrazzo floor",m²,197.19,ETB,Direct Cost,8,Demolition,Structures,
1,1.2,1.2.43,"Cement screed floor","Cement screed floor",m²,44.37,ETB,Direct Cost,8,Demolition,Structures,
1,1.2,1.2.44,"30x120x3cm thick marble tread","30x120x3cm thick marble tread",m²,378.23,ETB,Direct Cost,8,Demolition,Structures,
1,1.2,1.2.45,"15x120x3cm thick marble riser","15x120x3cm thick marble riser",pcs,283.67,ETB,Direct Cost,8,Demolition,Structures,
1,1.2,1.2.46,"Steel Structure","Steel Structure",kg,19.01,ETB,Direct Cost,8,Demolition,Structures,
1,1.2,1.2.47,"Demolishing the ceramic wall tile","Demolishing the ceramic wall tile",m²,221.18,ETB,Direct Cost,8,Demolition,Structures,
1,1.2,1.2.48,"Demolishing the ceramic floor tile (6 & 8 mm thick) (From 13th -20th floor)","Demolishing the ceramic floor tile (6 & 8 mm thick) (From 13th -20th floor)",m²,248.83,ETB,Direct Cost,8,Demolition,Structures,
1,1.2,1.2.49,"Concrete Structures","Concrete Structures",m³,"5,636.74",ETB,Direct Cost,8,Demolition,Structures,
1,1.2,1.2.50,"10cm thick HCB Structure","10cm thick HCB Structure",m²,116.37,ETB,Direct Cost,8,Demolition,Structures,
1,1.2,1.2.51,"15cm thick HCB Structure","15cm thick HCB Structure",m²,149.62,ETB,Direct Cost,8,Demolition,Structures,
1,1.2,1.2.52,"20cm thick HCB Structure","20cm thick HCB Structure",m²,209.47,ETB,Direct Cost,8,Demolition,Structures,
1,1.2,1.2.53,"Terrazzo floor","Terrazzo floor",m²,232.74,ETB,Direct Cost,8,Demolition,Structures,
1,1.2,1.2.54,"Cement screed floor","Cement screed floor",m²,52.37,ETB,Direct Cost,8,Demolition,Structures,
1,1.2,1.2.55,"30x120x3cm thick marble tread","30x120x3cm thick marble tread",m²,431.57,ETB,Direct Cost,8,Demolition,Structures,
1,1.2,1.2.56,"15x120x3cm thick marble riser","15x120x3cm thick marble riser",pcs,323.67,ETB,Direct Cost,8,Demolition,Structures,
1,1.2,1.2.57,"Steel Structure","Steel Structure",kg,21.51,ETB,Direct Cost,8,Demolition,Structures,
1,1.2,1.2.58,"Demolishing the ceramic wall tile","Demolishing the ceramic wall tile",m²,256.73,ETB,Direct Cost,8,Demolition,Structures,
1,1.2,1.2.59,"Demolishing the ceramic floor tile (6 & 8 mm thick)","Demolishing the ceramic floor tile (6 & 8 mm thick)",m²,288.83,ETB,Direct Cost,8,Demolition,Structures,"Document item number duplicated. Assigned unique ID for database."
2,2.1,2.1.1,"20cm. Clearing on wet & black soil.","20cm. Clearing on wet & black soil.",m²,98.79,ETB,Direct Cost,8,Excavation,Site Clearance,
2,2.2,2.2.1,"to a depth not exceeding 1.5m","to a depth not exceeding 1.5m",m³,368.92,ETB,Direct Cost,8,Excavation,Bulk Excavation Loose Soil,
2,2.2,2.2.2,"to a depth exceeding 1.50m but not exceeding 3.00m","to a depth exceeding 1.50m but not exceeding 3.00m",m³,452.22,ETB,Direct Cost,8,Excavation,Bulk Excavation Loose Soil,
2,2.2,2.2.3,"to a depth exceeding 3.00m but not exceeding 4.50m","to a depth exceeding 3.00m but not exceeding 4.50m",m³,547.61,ETB,Direct Cost,8,Excavation,Bulk Excavation Loose Soil,
2,2.2,2.2.4,"to a depth exceeding 4.50m but not exceeding 6.00m","to a depth exceeding 4.50m but not exceeding 6.00m",m³,625.84,ETB,Direct Cost,9,Excavation,Bulk Excavation Loose Soil,
2,2.2,2.2.5,"to a depth exceeding 6.00m but not exceeding 7.50m","to a depth exceeding 6.00m but not exceeding 7.50m",m³,730.15,ETB,Direct Cost,9,Excavation,Bulk Excavation Loose Soil,
2,2.2,2.2.6,"to a depth exceeding 7.50m but not exceeding 9.00m","to a depth exceeding 7.50m but not exceeding 9.00m",m³,876.18,ETB,Direct Cost,9,Excavation,Bulk Excavation Loose Soil,
2,2.2,2.2.7,"to a depth exceeding 9.00m but not exceeding 10.50m","to a depth exceeding 9.00m but not exceeding 10.50m",m³,973.53,ETB,Direct Cost,9,Excavation,Bulk Excavation Loose Soil,
2,2.3,2.3.1,"to a depth not exceeding 1500cm loose and dry soil.","to a depth not exceeding 1500cm loose and dry soil.",m³,417.23,ETB,Direct Cost,9,Excavation,Pit Excavation Loose Soil,
2,2.3,2.3.2,"to a depth exceeding 1500cm but not exceeding 3000mm","to a depth exceeding 1500cm but not exceeding 3000mm",m³,476.83,ETB,Direct Cost,9,Excavation,Pit Excavation Loose Soil,
2,2.3,2.3.3,"to a depth exceeding 3000cm but not exceeding 4500mm","to a depth exceeding 3000cm but not exceeding 4500mm",m³,556.30,ETB,Direct Cost,9,Excavation,Pit Excavation Loose Soil,
2,2.3,2.3.4,"to a depth exceeding 4500cm but not exceeding 6000mm","to a depth exceeding 4500cm but not exceeding 6000mm",m³,667.56,ETB,Direct Cost,9,Excavation,Pit Excavation Loose Soil,
2,2.3,2.3.5,"to a depth exceeding 6000cm but not exceeding 7500mm","to a depth exceeding 6000cm but not exceeding 7500mm",m³,834.46,ETB,Direct Cost,9,Excavation,Pit Excavation Loose Soil,
2,2.3,2.3.6,"to a depth exceeding 7500cm but not exceeding 9000mm","to a depth exceeding 7500cm but not exceeding 9000mm",m³,"1,054.05",ETB,Direct Cost,9,Excavation,Pit Excavation Loose Soil,
2,2.3,2.3.7,"to a depth exceeding 9000cm but not exceeding 10500mm","to a depth exceeding 9000cm but not exceeding 10500mm",m³,"1,430.50",ETB,Direct Cost,9,Excavation,Pit Excavation Loose Soil,
2,2.4,2.4.1,"not exceeding 1.5m","not exceeding 1.5m",m³,666.61,ETB,Direct Cost,9,Excavation,Bulk Excavation Soft Rock,
2,2.4,2.4.2,"Over 1.5.0m, not exceeding 3m","Over 1.5.0m, not exceeding 3m",m³,760.13,ETB,Direct Cost,9,Excavation,Bulk Excavation Soft Rock,
2,2.4,2.4.3,"Over 3.0m, not exceeding 4.5m","Over 3.0m, not exceeding 4.5m",m³,922.70,ETB,Direct Cost,9,Excavation,Bulk Excavation Soft Rock,
2,2.4,2.4.4,"Over 4.5m, not exceeding 6.0m","Over 4.5m, not exceeding 6.0m",m³,"1,318.14",ETB,Direct Cost,9,Excavation,Bulk Excavation Soft Rock,
2,2.4,2.4.5,"Over 6.0m, not exceeding 7.5m","Over 6.0m, not exceeding 7.5m",m³,"1,883.05",ETB,Direct Cost,9,Excavation,Bulk Excavation Soft Rock,
2,2.4,2.4.6,"Over 7.5m, not exceeding 9.0m","Over 7.5m, not exceeding 9.0m",m³,"2,690.08",ETB,Direct Cost,9,Excavation,Bulk Excavation Soft Rock,
2,2.4,2.4.7,"Over 9.0m, not exceeding 10.5m","Over 9.0m, not exceeding 10.5m",m³,"3,842.97",ETB,Direct Cost,9,Excavation,Bulk Excavation Soft Rock,
2,2.5,2.5.1,"not exceeding 1.5m","not exceeding 1.5m",m³,829.55,ETB,Direct Cost,9,Excavation,Pit Excavation Soft Rock,
2,2.5,2.5.2,"Over 1.5.0m, not exceeding 3m","Over 1.5.0m, not exceeding 3m",m³,911.60,ETB,Direct Cost,9,Excavation,Pit Excavation Soft Rock,
2,2.5,2.5.3,"Over 3.0m, not exceeding 4.5m","Over 3.0m, not exceeding 4.5m",m³,"1,128.64",ETB,Direct Cost,9,Excavation,Pit Excavation Soft Rock,
2,2.5,2.5.4,"Over 4.5.0m, not exceeding 6m","Over 4.5.0m, not exceeding 6m",m³,"1,612.35",ETB,Direct Cost,9,Excavation,Pit Excavation Soft Rock,
2,2.5,2.5.5,"Over 6m, not exceeding 7.5m","Over 6m, not exceeding 7.5m",m³,"2,303.36",ETB,Direct Cost,9,Excavation,Pit Excavation Soft Rock,
2,2.5,2.5.6,"Over 7.5m, not exceeding 9m","Over 7.5m, not exceeding 9m",m³,"3,290.51",ETB,Direct Cost,9,Excavation,Pit Excavation Soft Rock,
2,2.5,2.5.7,"Over 9m, not exceeding 10.5m","Over 9m, not exceeding 10.5m",m³,"4,700.72",ETB,Direct Cost,9,Excavation,Pit Excavation Soft Rock,
2,2.6,2.6.1,"not exceeding 1.50m","not exceeding 1.50m",m³,"1,368.24",ETB,Direct Cost,9,Excavation,Bulk Excavation Hard Rock,
2,2.6,2.6.2,"Over 1.5m, not exceeding 3m","Over 1.5m, not exceeding 3m",m³,"1,706.63",ETB,Direct Cost,9,Excavation,Bulk Excavation Hard Rock,
2,2.6,2.6.3,"Over 3.0m, not exceeding 4.5m","Over 3.0m, not exceeding 4.5m",m³,"2,051.20",ETB,Direct Cost,9,Excavation,Bulk Excavation Hard Rock,
2,2.6,2.6.4,"Over 4.5m, not exceeding 6.0m","Over 4.5m, not exceeding 6.0m",m³,"2,792.32",ETB,Direct Cost,10,Excavation,Bulk Excavation Hard Rock,
2,2.6,2.6.5,"Over 6.0m, not exceeding 7.5m","Over 6.0m, not exceeding 7.5m",m³,"3,490.40",ETB,Direct Cost,10,Excavation,Bulk Excavation Hard Rock,
2,2.6,2.6.6,"Over 7.5m, not exceeding 9.0m","Over 7.5m, not exceeding 9.0m",m³,"4,363.00",ETB,Direct Cost,10,Excavation,Bulk Excavation Hard Rock,
2,2.6,2.6.7,"Over 9.0m, not exceeding 10.5m","Over 9.0m, not exceeding 10.5m",m³,"5,132.95",ETB,Direct Cost,10,Excavation,Bulk Excavation Hard Rock,
2,2.7,2.7.1,"not exceeding 1.50m","not exceeding 1.50m",m³,"1,659.11",ETB,Direct Cost,10,Excavation,Pit Excavation Hard Rock,
2,2.7,2.7.2,"Over 1.5m, not exceeding 3m","Over 1.5m, not exceeding 3m",m³,"2,051.09",ETB,Direct Cost,10,Excavation,Pit Excavation Hard Rock,
2,2.7,2.7.3,"Over 3.0m, not exceeding 4.5m","Over 3.0m, not exceeding 4.5m",m³,"2,666.42",ETB,Direct Cost,10,Excavation,Pit Excavation Hard Rock,
2,2.7,2.7.4,"Over 4.5m, not exceeding 6m","Over 4.5m, not exceeding 6m",m³,"3,627.78",ETB,Direct Cost,10,Excavation,Pit Excavation Hard Rock,
2,2.7,2.7.5,"Over 6.0m, not exceeding 7.5m","Over 6.0m, not exceeding 7.5m",m³,"5,182.55",ETB,Direct Cost,10,Excavation,Pit Excavation Hard Rock,
2,2.7,2.7.6,"Over 7.5m, not exceeding 9m","Over 7.5m, not exceeding 9m",m³,"7,403.64",ETB,Direct Cost,10,Excavation,Pit Excavation Hard Rock,
2,2.7,2.7.7,"Over 9m, not exceeding 10.5m","Over 9m, not exceeding 10.5m",m³,"10,576.63",ETB,Direct Cost,10,Excavation,Pit Excavation Hard Rock,
2,2.8,2.8.1,"Back fill selected excavated mats. from the site.(mechanized)","Back fill selected excavated mats. from the site.(mechanized)",m³,982.68,ETB,Direct Cost,10,Excavation,Backfill,
2,2.8,2.8.2,"Back fill selected excavated mats. from out side the site. (Upto 20km from Quarry site as long as Project Site) (Mechanized)","Back fill selected excavated mats. from out side the site. (Upto 20km from Quarry site as long as Project Site) (Mechanized)",m³,"3,066.43",ETB,Direct Cost,10,Excavation,Backfill,
2,2.8,2.8.3,"Back fill selected excavated mats. from out side the site. (Upto 15km from Quarry site as long as Project Site) (Mechanized)","Back fill selected excavated mats. from out side the site. (Upto 15km from Quarry site as long as Project Site) (Mechanized)",m³,"2,540.36",ETB,Direct Cost,10,Excavation,Backfill,
2,2.8,2.8.4,"Back fill selected excavated mats. from out side the site. (Upto 10km from Quarry site as long as Project Site) (Mechanized)","Back fill selected excavated mats. from out side the site. (Upto 10km from Quarry site as long as Project Site) (Mechanized)",m³,"2,180.98",ETB,Direct Cost,10,Excavation,Backfill,
2,2.8,2.8.5,"Back fill selected excavated mats. from out side the site. (Upto 5km from Quarry site as long as Project Site) (Mechanized)","Back fill selected excavated mats. from out side the site. (Upto 5km from Quarry site as long as Project Site) (Mechanized)",m³,"1,821.61",ETB,Direct Cost,10,Excavation,Backfill,
2,2.8,2.8.6,"25cm. thick basaltic hard core. (Mechanized)","25cm. thick basaltic hard core. (Mechanized)",m²,"1,099.89",ETB,Direct Cost,10,Excavation,Hardcore,
3,3.1,3.1.1,"to a depth not exceeding 1500mm","to a depth not exceeding 1500mm",m³,718.65,ETB,Direct Cost,10,Excavation,Manual Excavation,
3,3.1,3.1.2,"to a depth exceeding 1500mm but not exceeding 3000mm","to a depth exceeding 1500mm but not exceeding 3000mm",m³,829.21,ETB,Direct Cost,10,Excavation,Manual Excavation,
3,3.1,3.1.3,"to a depth exceeding 3000mm but not exceeding 4500mm","to a depth exceeding 3000mm but not exceeding 4500mm",m³,937.37,ETB,Direct Cost,10,Excavation,Manual Excavation,
3,3.2,3.2.1,"not exceeding 1.5m","not exceeding 1.5m",m³,"1,437.86",ETB,Direct Cost,10,Excavation,Manual Excavation,
3,3.2,3.2.2,"Over 1.5.0m, not exceeding 3m","Over 1.5.0m, not exceeding 3m",m³,"1,617.59",ETB,Direct Cost,10,Excavation,Manual Excavation,
3,3.2,3.2.3,"Over 3.0m, not exceeding 4.5m","Over 3.0m, not exceeding 4.5m",m³,"1,990.89",ETB,Direct Cost,10,Excavation,Manual Excavation,
3,3.3,3.3.1,"not exceeding 1.50m","not exceeding 1.50m",m³,"2,588.15",ETB,Direct Cost,11,Excavation,Manual Excavation,
3,3.3,3.3.2,"Over 1.5m, not exceeding 3m","Over 1.5m, not exceeding 3m",m³,"3,041.68",ETB,Direct Cost,11,Excavation,Manual Excavation,
3,3.3,3.3.3,"Over 3.0m, not exceeding 4.5m","Over 3.0m, not exceeding 4.5m",m³,"4,679.51",ETB,Direct Cost,11,Excavation,Manual Excavation,
3,3.4,3.4.1,"not exceeding 1500cm","not exceeding 1500cm",m³,798.50,ETB,Direct Cost,11,Excavation,Manual Excavation,
3,3.4,3.4.2,"to a depth exceeding 1500cm but not exceeding 3000mm","to a depth exceeding 1500cm but not exceeding 3000mm",m³,979.98,ETB,Direct Cost,11,Excavation,Manual Excavation,
3,3.4,3.4.3,"to a depth exceeding 3000cm but not exceeding 4500mm","to a depth exceeding 3000cm but not exceeding 4500mm",m³,"1,347.47",ETB,Direct Cost,11,Excavation,Manual Excavation,
3,3.5,3.5.1,"not exceeding 1.5m","not exceeding 1.5m",m³,"1,725.43",ETB,Direct Cost,11,Excavation,Manual Excavation,
3,3.5,3.5.2,"Over 1.5.0m, not exceeding 3m","Over 1.5.0m, not exceeding 3m",m³,"2,156.79",ETB,Direct Cost,11,Excavation,Manual Excavation,
3,3.5,3.5.3,"Over 3.0m, not exceeding 4.5m","Over 3.0m, not exceeding 4.5m",m³,"2,588.15",ETB,Direct Cost,11,Excavation,Manual Excavation,
3,3.6,3.6.1,"not exceeding 1.5m","not exceeding 1.5m",m³,"2,875.72",ETB,Direct Cost,11,Excavation,Manual Excavation,
3,3.6,3.6.2,"Over 1.5m, not exceeding 3m","Over 1.5m, not exceeding 3m",m³,"3,311.63",ETB,Direct Cost,11,Excavation,Manual Excavation,
3,3.6,3.6.3,"Over 3m, not exceeding 4.5m","Over 3m, not exceeding 4.5m",m³,"5,793.68",ETB,Direct Cost,11,Excavation,Manual Excavation,
3,3.7,3.7.1,"not exceeding 1.5m","not exceeding 1.5m",m³,"3,318.14",ETB,Direct Cost,11,Excavation,Manual Excavation,
3,3.7,3.7.2,"Over 1.5m, not exceeding 3m","Over 1.5m, not exceeding 3m",m³,"4,462.33",ETB,Direct Cost,11,Excavation,Manual Excavation,
3,3.7,3.7.3,"Over 3m, not exceeding 4.5m","Over 3m, not exceeding 4.5m",m³,"7,612.21",ETB,Direct Cost,11,Excavation,Manual Excavation,
3,3.8,3.8.1,"Back fill selected excavated mats. from the site. (Manually)","Back fill selected excavated mats. from the site. (Manually)",m³,854.51,ETB,Direct Cost,11,Excavation,Manual Excavation,
3,3.8,3.8.2,"Back fill selected excavated mats. from out side the site. (Upto 20km from Quarry site as long as Project Site) (Manually)","Back fill selected excavated mats. from out side the site. (Upto 20km from Quarry site as long as Project Site) (Manually)",m³,"3,050.24",ETB,Direct Cost,11,Excavation,Manual Excavation,
3,3.8,3.8.3,"Back fill selected excavated mats. from out side the site. (Upto 15km from Quarry site as long as Project Site) (Manually)","Back fill selected excavated mats. from out side the site. (Upto 15km from Quarry site as long as Project Site) (Manually)",m³,"2,524.17",ETB,Direct Cost,11,Excavation,Manual Excavation,
3,3.8,3.8.4,"Back fill selected excavated mats. from out side the site. (Upto 10km from Quarry site as long as Project Site) (Manually)","Back fill selected excavated mats. from out side the site. (Upto 10km from Quarry site as long as Project Site) (Manually)",m³,"2,164.79",ETB,Direct Cost,11,Excavation,Manual Excavation,
3,3.8,3.8.5,"Back fill selected excavated mats. from out side the site. (Upto 5km from Quarry site as long as Project Site) (Manually)","Back fill selected excavated mats. from out side the site. (Upto 5km from Quarry site as long as Project Site) (Manually)",m³,"1,805.42",ETB,Direct Cost,11,Excavation,Manual Excavation,
3,3.8,3.8.6,"Load and Cart away surplus excavated materials to 5km","Load and Cart away surplus excavated materials to 5km",m³,589.84,ETB,Direct Cost,11,Excavation,Manual Excavation,
3,3.8,3.8.7,"Load and Cart away surplus excavated materials to 10km","Load and Cart away surplus excavated materials to 10km",m³,625.59,ETB,Direct Cost,11,Excavation,Manual Excavation,
3,3.8,3.8.8,"Load and Cart away surplus excavated materials to 15km","Load and Cart away surplus excavated materials to 15km",m³,730.88,ETB,Direct Cost,11,Excavation,Manual Excavation,
3,3.8,3.8.9,"Load and Cart away surplus excavated materials to 20km","Load and Cart away surplus excavated materials to 20km",m³,872.56,ETB,Direct Cost,11,Excavation,Manual Excavation,
3,3.8,3.8.10,"25cm. thick basaltic hard core.(basaltic stone) (Manually)","25cm. thick basaltic hard core.(basaltic stone) (Manually)",m³,"1,034.09",ETB,Direct Cost,11,Excavation,Manual Excavation,
3,3.8,3.8.11,"Supply, Spread & Compact Red Ash.","Supply, Spread & Compact Red Ash.",m³,"3,955.19",ETB,Direct Cost,11,Excavation,Manual Excavation,
4,4.0,4.a,"C-7 Lean Concrete (Hand mix) (C-7)","C-7 Lean Concrete (Hand mix) (C-7)",m²,779.95,ETB,Direct Cost,12,Concrete,Lean Concrete,
4,4.0,4.b,"C-5 Lean Concrete (Hand mix) (C-5)","C-5 Lean Concrete (Hand mix) (C-5)",m²,741.10,ETB,Direct Cost,12,Concrete,Lean Concrete,
4,4.0,4.c,"C-15 10cm thick mass concrete pavement cost include hard core & 7cm selected material.","C-15 10cm thick mass concrete pavement cost include hard core & 7cm selected material.",m²,"3,539.10",ETB,Direct Cost,12,Concrete,Pavement,
4,4.0,4.d,"Mortar production (1:3)","Mortar production (1:3)",m³,"16,212.93",ETB,Direct Cost,12,Concrete,Mortar,
4,4.0,4.e,"Light Weight Concrete 1:2:5","Light Weight Concrete 1:2:5",m³,"16,333.02",ETB,Direct Cost,12,Concrete,Lightweight Concrete,
4,4.0,4.f,"10cm Thick C-15 mass Concrete","10cm Thick C-15 mass Concrete",m²,"1,655.59",ETB,Direct Cost,12,Concrete,Mass Concrete,
4,4.0,4.g,"Supply & Apply polymer modified Semi elastic cementitious coating or equivalent water proofing","Supply & Apply polymer modified Semi elastic cementitious coating or equivalent water proofing",m²,842.11,ETB,Direct Cost,12,Concrete,Water Proofing,
4,4.0,4.h,"Supply & Apply 4mm thick approved quality water proof membrane","Supply & Apply 4mm thick approved quality water proof membrane",m²,"2,173.91",ETB,Direct Cost,12,Concrete,Water Proofing,
4,4.0,4.i,"Supply & Apply ACRYLIC approved quality water proof.","Supply & Apply ACRYLIC approved quality water proof.",m²,"1,391.30",ETB,Direct Cost,12,Concrete,Water Proofing,
4,4.0,4.j,"10mm thick stayoroom expansion joint between ground floor slab & beam.","10mm thick stayoroom expansion joint between ground floor slab & beam.",ml,247.80,ETB,Direct Cost,12,Concrete,Expansion Joints,
4,4.0,4.k,"20mm thick stayoroom expansion joint between ground floor slab & beam.","20mm thick stayoroom expansion joint between ground floor slab & beam.",ml,343.36,ETB,Direct Cost,12,Concrete,Expansion Joints,
4,4.0,4.l,"GRP Water Tanker with all fitting accessories","GRP Water Tanker with all fitting accessories",m³,"70,000.00",ETB,Direct Cost,12,Concrete,Water Tanks,
4,4.1,4.1.1,"C-15 Concrete (Mechanical Mix) 1:2:4 with admixture","C-15 Concrete (Mechanical Mix) 1:2:4 with admixture",m³,"18,101.92",ETB,Direct Cost,12,Concrete,Sub Structure Concrete,
4,4.1,4.1.2,"C-15 Concrete (Mechanical Mix) 1:2:4 for Footing, Beam and slab","C-15 Concrete (Mechanical Mix) 1:2:4 for Footing, Beam and slab",m³,"17,437.92",ETB,Direct Cost,12,Concrete,Sub Structure Concrete,
4,4.1,4.1.3,"C-15 Concrete (Mechanical Mix) 1:2:4 for Column, shear wall","C-15 Concrete (Mechanical Mix) 1:2:4 for Column, shear wall",m³,"17,168.38",ETB,Direct Cost,12,Concrete,Sub Structure Concrete,
4,4.2,4.2.1,"C-20 Concrete (Mechanical Mix) 1:2:3 with admixture","C-20 Concrete (Mechanical Mix) 1:2:3 with admixture",m³,"18,102.09",ETB,Direct Cost,12,Concrete,Sub Structure Concrete,
4,4.2,4.2.2,"C-20 Concrete (Mechanical Mix) 1:2:3 for Footing, Beam and slab","C-20 Concrete (Mechanical Mix) 1:2:3 for Footing, Beam and slab",m³,"17,438.09",ETB,Direct Cost,12,Concrete,Sub Structure Concrete,
4,4.2,4.2.3,"C-20 Concrete (Mechanical Mix) 1:2:3 for Column, shear wall","C-20 Concrete (Mechanical Mix) 1:2:3 for Column, shear wall",m³,"18,050.38",ETB,Direct Cost,12,Concrete,Sub Structure Concrete,
4,4.3,4.3.1,"C-25 Concrete (Mechanical Mix) 1:2:3 with admixture","C-25 Concrete (Mechanical Mix) 1:2:3 with admixture",m³,"19,880.42",ETB,Direct Cost,12,Concrete,Sub Structure Concrete,
4,4.3,4.3.2,"C-25 Concrete (Mechanical Mix) 1:2:3 for Footing, Beam and slab","C-25 Concrete (Mechanical Mix) 1:2:3 for Footing, Beam and slab",m³,"19,216.42",ETB,Direct Cost,12,Concrete,Sub Structure Concrete,
4,4.3,4.3.3,"C-25 Concrete (Mechanical Mix) 1:2:3 for Column, shear wall","C-25 Concrete (Mechanical Mix) 1:2:3 for Column, shear wall",m³,"19,828.70",ETB,Direct Cost,12,Concrete,Sub Structure Concrete,
4,4.3,4.3.4,"C-25 Concrete (Mechanical Mix) 1:2:3 for 10cm thick slab","C-25 Concrete (Mechanical Mix) 1:2:3 for 10cm thick slab",m²,"1,921.64",ETB,Direct Cost,12,Concrete,Sub Structure Concrete,
4,4.4,4.4.1,"C-30 Concrete (Mechanical Mix) 1:2:3 with admixture","C-30 Concrete (Mechanical Mix) 1:2:3 with admixture",m³,"20,888.42",ETB,Direct Cost,13,Concrete,Sub Structure Concrete,
4,4.4,4.4.2,"C-30 Concrete (Mechanical Mix) 1:2:3 for Footing, Beam and slab","C-30 Concrete (Mechanical Mix) 1:2:3 for Footing, Beam and slab",m³,"20,224.42",ETB,Direct Cost,13,Concrete,Sub Structure Concrete,
4,4.4,4.4.3,"C-30 Concrete (Mechanical Mix) 1:2:3 for Column, shear wall","C-30 Concrete (Mechanical Mix) 1:2:3 for Column, shear wall",m³,"20,836.70",ETB,Direct Cost,13,Concrete,Sub Structure Concrete,
4,4.5,4.5.1,"C-25 Concrete (Mechanical Mix) 1:2:3 with admixture","C-25 Concrete (Mechanical Mix) 1:2:3 with admixture",m³,"20,562.87",ETB,Direct Cost,13,Concrete,Super Structure Concrete,
4,4.5,4.5.2,"C-25 Concrete (Mechanical Mix) 1:2:3 for Beam and slab","C-25 Concrete (Mechanical Mix) 1:2:3 for Beam and slab",m³,"19,898.87",ETB,Direct Cost,13,Concrete,Super Structure Concrete,
4,4.5,4.5.3,"C-25 Concrete (Mechanical Mix) 1:2:3 for Column, shear wall","C-25 Concrete (Mechanical Mix) 1:2:3 for Column, shear wall",m³,"20,600.21",ETB,Direct Cost,13,Concrete,Super Structure Concrete,
4,4.5,4.5.4,"C-25 Concrete (Mechanical Mix) 1:2:3 for Stair case","C-25 Concrete (Mechanical Mix) 1:2:3 for Stair case",m³,"21,101.17",ETB,Direct Cost,13,Concrete,Super Structure Concrete,
4,4.5,4.5.5,"C-25 Concrete (Mechanical Mix) 1:2:3 for 15cm thick slab","C-25 Concrete (Mechanical Mix) 1:2:3 for 15cm thick slab",m³,"2,882.46",ETB,Direct Cost,13,Concrete,Super Structure Concrete,
4,4.5,4.5.6,"C-25 Concrete (Mechanical Mix) 1:2:3 for 18cm thick slab","C-25 Concrete (Mechanical Mix) 1:2:3 for 18cm thick slab",m³,"3,458.96",ETB,Direct Cost,13,Concrete,Super Structure Concrete,
4,4.6,4.6.1,"C-30 Concrete (Mechanical Mix) 1:2:3 with admixture","C-30 Concrete (Mechanical Mix) 1:2:3 with admixture",m³,"21,570.87",ETB,Direct Cost,13,Concrete,Super Structure Concrete,
4,4.6,4.6.2,"C-30 Concrete (Mechanical Mix) 1:2:3 for Beam and slab","C-30 Concrete (Mechanical Mix) 1:2:3 for Beam and slab",m³,"20,906.87",ETB,Direct Cost,13,Concrete,Super Structure Concrete,
4,4.6,4.6.3,"C-30 Concrete (Mechanical Mix) 1:2:3 for Column, shear wall","C-30 Concrete (Mechanical Mix) 1:2:3 for Column, shear wall",m³,"21,608.21",ETB,Direct Cost,13,Concrete,Super Structure Concrete,
4,4.6,4.6.4,"C-30 Concrete (Mechanical Mix) 1:2:3 for Stair case","C-30 Concrete (Mechanical Mix) 1:2:3 for Stair case",m³,"22,109.17",ETB,Direct Cost,13,Concrete,Super Structure Concrete,
4,4.7,4.7.1,"Supply and cast Reinforced concrete quality C-25,378 Kg of cement/ m³ with water tight chemical in accordance with manufacturerTechnical data sheet instruction, filled into from work and vibrated around rod reinforcement (formwork and reinforcement measured separately). Ready-Mix To connect stationery Pump. Unit price Shall include Water tight & Concrete bondage chemicals as well as all the necessary works.","Supply and cast Reinforced concrete quality C-25,378 Kg of cement/ m³ with water tight chemical in accordance with manufacturerTechnical data sheet instruction, filled into from work and vibrated around rod reinforcement (formwork and reinforcement measured separately). Ready-Mix To connect stationery Pump. Unit price Shall include Water tight & Concrete bondage chemicals as well as all the necessary works.",m³,"21,955.23",ETB,Direct Cost,13,Concrete,Ready-Mix Concrete with Pump,
4,4.7,4.7.2,"Supply and cast Reinforced concrete quality C-30, 420 Kg of cement/ m³ with water tight chemical in accordance with manufacturerTechnical data sheet instruction, filled into from work and vibrated around rod reinforcement (formwork and reinforcement measured separately). Ready-Mix To connect stationery Pump. Unit price Shall include Water tight & Concrete bondage chemicals as well as all the necessary works.","Supply and cast Reinforced concrete quality C-30, 420 Kg of cement/ m³ with water tight chemical in accordance with manufacturerTechnical data sheet instruction, filled into from work and vibrated around rod reinforcement (formwork and reinforcement measured separately). Ready-Mix To connect stationery Pump. Unit price Shall include Water tight & Concrete bondage chemicals as well as all the necessary works.",m³,"22,690.23",ETB,Direct Cost,13,Concrete,Ready-Mix Concrete with Pump,
4,4.7,4.7.4,"Supply and cast Reinforced concrete quality C-40, 448 Kg of cement/ m³ with water tight chemical in accordance with manufacturerTechnical data sheet instruction, filled into from work and vibrated around rod reinforcement (formwork and reinforcement measured separately). Ready-Mix To connect stationery Pump. Unit price Shall include Water tight & Concrete bondage chemicals as well as all the necessary works.","Supply and cast Reinforced concrete quality C-40, 448 Kg of cement/ m³ with water tight chemical in accordance with manufacturerTechnical data sheet instruction, filled into from work and vibrated around rod reinforcement (formwork and reinforcement measured separately). Ready-Mix To connect stationery Pump. Unit price Shall include Water tight & Concrete bondage chemicals as well as all the necessary works.",m³,"23,845.23",ETB,Direct Cost,13,Concrete,Ready-Mix Concrete with Pump,
4,4.8,4.8.1,"Supply and cast Reinforced concrete quality C-25,378 Kg of cement/m³ with water tight chemical in accordance with manufacturerTechnical data sheet instruction, filled into from work and vibrated around rod reinforcement (formwork and reinforcement measured separately) Ready-Mix. Unit price Shall include Water tight & Concrete bondage chemicals as well as all the necessary works.","Supply and cast Reinforced concrete quality C-25,378 Kg of cement/m³ with water tight chemical in accordance with manufacturerTechnical data sheet instruction, filled into from work and vibrated around rod reinforcement (formwork and reinforcement measured separately) Ready-Mix. Unit price Shall include Water tight & Concrete bondage chemicals as well as all the necessary works.",m³,"21,405.23",ETB,Direct Cost,14,Concrete,Ready-Mix Concrete without Pump,
4,4.8,4.8.2,"Supply and cast Reinforced concrete quality C-30, 420 Kg of cement/m³ with water tight chemical in accordance with manufacturerTechnical data sheet instruction, filled into from work and vibrated around rod reinforcement (formwork and reinforcement measured separately) Ready-Mix. Unit price Shall include Water tight & Concrete bondage chemicals as well as all the necessary works.","Supply and cast Reinforced concrete quality C-30, 420 Kg of cement/m³ with water tight chemical in accordance with manufacturerTechnical data sheet instruction, filled into from work and vibrated around rod reinforcement (formwork and reinforcement measured separately) Ready-Mix. Unit price Shall include Water tight & Concrete bondage chemicals as well as all the necessary works.",m³,"22,140.23",ETB,Direct Cost,14,Concrete,Ready-Mix Concrete without Pump,
4,4.8,4.8.3,"Supply and cast Reinforced concrete quality C-40, 504 Kg of cement/m³ with water tight chemical in accordance with manufacturerTechnical data sheet instruction, filled into from work and vibrated around rod reinforcement (formwork and reinforcement measured separately) Ready-Mix. Unit price Shall include Water tight & Concrete bondage chemicals as well as all","Supply and cast Reinforced concrete quality C-40, 504 Kg of cement/m³ with water tight chemical in accordance with manufacturerTechnical data sheet instruction, filled into from work and vibrated around rod reinforcement (formwork and reinforcement measured separately) Ready-Mix. Unit price Shall include Water tight & Concrete bondage chemicals as well as all",m³,"23,295.23",ETB,Direct Cost,14,Concrete,Ready-Mix Concrete without Pump,
4,4.9,4.9.1,"Wooden form work For Beam, Footing & Column.sub structure","Wooden form work For Beam, Footing & Column.sub structure",m²,"1,190.21",ETB,Direct Cost,14,Concrete,Formwork,
4,4.9,4.9.2,"Wooden form work For Super structure column, Floor beam & slab.","Wooden form work For Super structure column, Floor beam & slab.",m²,"1,213.23",ETB,Direct Cost,14,Concrete,Formwork,
4,4.9,4.9.3,"18mm thick Fair Faced Form work (high quality playwood) with crane.","18mm thick Fair Faced Form work (high quality playwood) with crane.",m²,"1,746.99",ETB,Direct Cost,14,Concrete,Formwork,
4,4.9,4.9.4,"Wooden scaffolding","Wooden scaffolding",m²,118.00,ETB,Direct Cost,14,Concrete,Scaffolding,
4,4.10,4.10.1,"Local Re-Bar Grade 75: Dia. 6mm (Sub structure)","Local Re-Bar Grade 75: Dia. 6mm (Sub structure)",kg,246.97,ETB,Direct Cost,15,Concrete,Reinforcement,
4,4.10,4.10.2,"Local Re-Bar Grade 75: Dia. 8mm (Sub structure)","Local Re-Bar Grade 75: Dia. 8mm (Sub structure)",kg,242.06,ETB,Direct Cost,15,Concrete,Reinforcement,
4,4.10,4.10.3,"Local Re-Bar Grade 75: Dia. 10mm (Sub structure)","Local Re-Bar Grade 75: Dia. 10mm (Sub structure)",kg,242.06,ETB,Direct Cost,15,Concrete,Reinforcement,
4,4.10,4.10.4,"Local Re-Bar Grade 75: Dia. 12mm (Sub structure)","Local Re-Bar Grade 75: Dia. 12mm (Sub structure)",kg,238.74,ETB,Direct Cost,15,Concrete,Reinforcement,
4,4.10,4.10.5,"Local Re-Bar Grade 75: Dia. 14mm (Sub structure)","Local Re-Bar Grade 75: Dia. 14mm (Sub structure)",kg,238.74,ETB,Direct Cost,15,Concrete,Reinforcement,
4,4.10,4.10.6,"Local Re-Bar Grade 75: Dia. 16mm (Sub structure)","Local Re-Bar Grade 75: Dia. 16mm (Sub structure)",kg,238.74,ETB,Direct Cost,15,Concrete,Reinforcement,
4,4.10,4.10.7,"Local Re-Bar Grade 75: Dia. 20mm (Sub structure)","Local Re-Bar Grade 75: Dia. 20mm (Sub structure)",kg,238.74,ETB,Direct Cost,15,Concrete,Reinforcement,
4,4.10,4.10.8,"Local Re-Bar Grade 75: Dia. 24mm (Sub structure)","Local Re-Bar Grade 75: Dia. 24mm (Sub structure)",kg,238.74,ETB,Direct Cost,15,Concrete,Reinforcement,
4,4.10,4.10.9,"Local Re-Bar Grade 75: Dia. 32mm (Sub structure)","Local Re-Bar Grade 75: Dia. 32mm (Sub structure)",kg,238.74,ETB,Direct Cost,15,Concrete,Reinforcement,
4,4.10,4.10.10,"Local Re-Bar Grade 75: Dia. 6mm (Super structure)","Local Re-Bar Grade 75: Dia. 6mm (Super structure)",kg,249.12,ETB,Direct Cost,15,Concrete,Reinforcement,
4,4.10,4.10.11,"Local Re-Bar Grade 75: Dia. 8mm (Super structure)","Local Re-Bar Grade 75: Dia. 8mm (Super structure)",kg,249.12,ETB,Direct Cost,15,Concrete,Reinforcement,
4,4.10,4.10.12,"Local Re-Bar Grade 75: Dia. 10mm (Super structure)","Local Re-Bar Grade 75: Dia. 10mm (Super structure)",kg,249.12,ETB,Direct Cost,15,Concrete,Reinforcement,
4,4.10,4.10.13,"Local Re-Bar Grade 75: Dia. 12mm (Super structure)","Local Re-Bar Grade 75: Dia. 12mm (Super structure)",kg,241.72,ETB,Direct Cost,15,Concrete,Reinforcement,
4,4.10,4.10.14,"Local Re-Bar Grade 75: Dia. 14mm (Super structure)","Local Re-Bar Grade 75: Dia. 14mm (Super structure)",kg,241.72,ETB,Direct Cost,15,Concrete,Reinforcement,
4,4.10,4.10.15,"Local Re-Bar Grade 75: Dia. 16mm (Super structure)","Local Re-Bar Grade 75: Dia. 16mm (Super structure)",kg,241.72,ETB,Direct Cost,15,Concrete,Reinforcement,
4,4.10,4.10.16,"Local Re-Bar Grade 75: Dia. 20mm (Super structure)","Local Re-Bar Grade 75: Dia. 20mm (Super structure)",kg,241.72,ETB,Direct Cost,15,Concrete,Reinforcement,
4,4.10,4.10.17,"Local Re-Bar Grade 75: Dia. 24mm (Super structure)","Local Re-Bar Grade 75: Dia. 24mm (Super structure)",kg,241.72,ETB,Direct Cost,15,Concrete,Reinforcement,
4,4.10,4.10.18,"Local Re-Bar Grade 75: Dia. 32mm (Super structure)","Local Re-Bar Grade 75: Dia. 32mm (Super structure)",kg,241.72,ETB,Direct Cost,15,Concrete,Reinforcement,
4,4.10,4.10.19,"Imported Re-Bar Grade 75: Dia. 8mm (Sub structure)","Imported Re-Bar Grade 75: Dia. 8mm (Sub structure)",kg,252.12,ETB,Direct Cost,15,Concrete,Reinforcement,
4,4.10,4.10.20,"Imported Re-Bar Grade 75: Dia. 10mm (Sub structure)","Imported Re-Bar Grade 75: Dia. 10mm (Sub structure)",kg,252.12,ETB,Direct Cost,15,Concrete,Reinforcement,
4,4.10,4.10.21,"Imported Re-Bar Grade 75: Dia. 12mm (Sub structure)","Imported Re-Bar Grade 75: Dia. 12mm (Sub structure)",kg,243.89,ETB,Direct Cost,15,Concrete,Reinforcement,
4,4.10,4.10.22,"Imported Re-Bar Grade 75: Dia. 14mm (Sub structure)","Imported Re-Bar Grade 75: Dia. 14mm (Sub structure)",kg,243.89,ETB,Direct Cost,15,Concrete,Reinforcement,
4,4.10,4.10.23,"Imported Re-Bar Grade 75: Dia. 16mm (Sub structure)","Imported Re-Bar Grade 75: Dia. 16mm (Sub structure)",kg,243.89,ETB,Direct Cost,15,Concrete,Reinforcement,
4,4.10,4.10.24,"Imported Re-Bar Grade 75: Dia. 20mm (Sub structure)","Imported Re-Bar Grade 75: Dia. 20mm (Sub structure)",kg,243.89,ETB,Direct Cost,15,Concrete,Reinforcement,
4,4.10,4.10.25,"Imported Re-Bar Grade 75: Dia. 24mm (Sub structure)","Imported Re-Bar Grade 75: Dia. 24mm (Sub structure)",kg,243.89,ETB,Direct Cost,15,Concrete,Reinforcement,
4,4.10,4.10.26,"Imported Re-Bar Grade 75: Dia. 30mm (Sub structure)","Imported Re-Bar Grade 75: Dia. 30mm (Sub structure)",kg,243.89,ETB,Direct Cost,15,Concrete,Reinforcement,
4,4.10,4.10.27,"Imported Re-Bar Grade 75: Dia. 32mm (Sub structure)","Imported Re-Bar Grade 75: Dia. 32mm (Sub structure)",kg,243.89,ETB,Direct Cost,15,Concrete,Reinforcement,
4,4.10,4.10.28,"Imported Re-Bar Grade 75: Dia. 8mm (Super structure)","Imported Re-Bar Grade 75: Dia. 8mm (Super structure)",kg,260.35,ETB,Direct Cost,15,Concrete,Reinforcement,
4,4.10,4.10.29,"Imported Re-Bar Grade 75: Dia. 10mm (Super structure)","Imported Re-Bar Grade 75: Dia. 10mm (Super structure)",kg,260.35,ETB,Direct Cost,15,Concrete,Reinforcement,
4,4.10,4.10.30,"Imported Re-Bar Grade 75: Dia. 12mm (Super structure)","Imported Re-Bar Grade 75: Dia. 12mm (Super structure)",kg,246.87,ETB,Direct Cost,15,Concrete,Reinforcement,
4,4.10,4.10.31,"Imported Re-Bar Grade 75: Dia. 14mm (Super structure)","Imported Re-Bar Grade 75: Dia. 14mm (Super structure)",kg,246.87,ETB,Direct Cost,15,Concrete,Reinforcement,
4,4.10,4.10.32,"Imported Re-Bar Grade 75: Dia. 16mm (Super structure)","Imported Re-Bar Grade 75: Dia. 16mm (Super structure)",kg,246.87,ETB,Direct Cost,15,Concrete,Reinforcement,
4,4.10,4.10.33,"Imported Re-Bar Grade 75: Dia. 20mm (Super structure)","Imported Re-Bar Grade 75: Dia. 20mm (Super structure)",kg,246.87,ETB,Direct Cost,15,Concrete,Reinforcement,
4,4.10,4.10.34,"Imported Re-Bar Grade 75: Dia. 24mm (Super structure)","Imported Re-Bar Grade 75: Dia. 24mm (Super structure)",kg,251.95,ETB,Direct Cost,15,Concrete,Reinforcement,
4,4.10,4.10.35,"Imported Re-Bar Grade 75: Dia. 30mm (Super structure)","Imported Re-Bar Grade 75: Dia. 30mm (Super structure)",kg,246.87,ETB,Direct Cost,15,Concrete,Reinforcement,
4,4.10,4.10.36,"Imported Re-Bar Grade 75: Dia. 32mm (Super structure)","Imported Re-Bar Grade 75: Dia. 32mm (Super structure)",kg,246.87,ETB,Direct Cost,15,Concrete,Reinforcement,
5,5.1,5.1.1,"40cm. thick masonry foundation (A.G.L) Cement Mortar 1:3.","40cm. thick masonry foundation (A.G.L) Cement Mortar 1:3.",m³,"9,291.87",ETB,Direct Cost,16,Masonry,Foundation,
5,5.1,5.1.2,"50cm. thick masonry foundation (A.G.L) Cement Mortar 1:3.","50cm. thick masonry foundation (A.G.L) Cement Mortar 1:3.",m³,"9,179.03",ETB,Direct Cost,16,Masonry,Foundation,
5,5.1,5.1.3,"60cm. thick masonry foundation (B.G.L) Cement Mortar 1:3.","60cm. thick masonry foundation (B.G.L) Cement Mortar 1:3.",m³,"9,095.12",ETB,Direct Cost,16,Masonry,Foundation,
5,5.1,5.1.4,"40cm. thickOne Side Roughly Dressed Stone masonry (A.G.L) Cement Mortar 1:3.","40cm. thickOne Side Roughly Dressed Stone masonry (A.G.L) Cement Mortar 1:3.",m³,"10,086.38",ETB,Direct Cost,16,Masonry,Stone Masonry,
5,5.1,5.1.5,"50cm. thickOne Side Roughly Dressed Stone masonry (A.G.L) Cement Mortar 1:3.","50cm. thickOne Side Roughly Dressed Stone masonry (A.G.L) Cement Mortar 1:3.",m³,"9,950.26",ETB,Direct Cost,16,Masonry,Stone Masonry,
5,5.1,5.1.6,"60cm. thickOne Side Roughly Dressed Stone masonry (A.G.L) Cement Mortar 1:3.","60cm. thickOne Side Roughly Dressed Stone masonry (A.G.L) Cement Mortar 1:3.",m³,"9,851.75",ETB,Direct Cost,16,Masonry,Stone Masonry,
5,5.1,5.1.7,"50cm. thick masonry foundation (B.G.L) Cement Mortar 1:3.","50cm. thick masonry foundation (B.G.L) Cement Mortar 1:3.",m³,"8,804.92",ETB,Direct Cost,16,Masonry,Foundation,
5,5.1,5.1.8,"40cm. thick masonry foundation (B.G.L) Cement Mortar 1:3.","40cm. thick masonry foundation (B.G.L) Cement Mortar 1:3.",m³,"9,222.41",ETB,Direct Cost,16,Masonry,Foundation,
5,5.1,5.1.9,"400mm thick Finely dressed elevation wall Cement Mortar 1:3.","400mm thick Finely dressed elevation wall Cement Mortar 1:3.",m²,"3,955.61",ETB,Direct Cost,16,Masonry,Stone Masonry,
5,5.1,5.1.10,"500mm thick Finely dressed elevation wall Cement Mortar 1:3.","500mm thick Finely dressed elevation wall Cement Mortar 1:3.",m²,"5,549.60",ETB,Direct Cost,16,Masonry,Stone Masonry,
5,5.1,5.1.11,"10 cm. thick class-c HCB Wall Both Sides Left For Plastering.","10 cm. thick class-c HCB Wall Both Sides Left For Plastering.",m²,"1,275.74",ETB,Direct Cost,16,Masonry,HCB Wall,
5,5.1,5.1.12,"10 cm. thick class-c Solid CB Wall Both Sides Left For Plastering.","10 cm. thick class-c Solid CB Wall Both Sides Left For Plastering.",m²,"1,436.53",ETB,Direct Cost,16,Masonry,Solid Block Wall,
5,5.1,5.1.13,"15 cm. thick class-c HCB Wall Both Sides Left For Plastering.","15 cm. thick class-c HCB Wall Both Sides Left For Plastering.",m²,"1,567.67",ETB,Direct Cost,16,Masonry,HCB Wall,
5,5.1,5.1.14,"15 cm. thick class-c Solid CB Wall Both Sides Left For Plastering.","15 cm. thick class-c Solid CB Wall Both Sides Left For Plastering.",m²,"1,687.10",ETB,Direct Cost,16,Masonry,Solid Block Wall,
5,5.1,5.1.15,"20 cm. thick class-c HCB Wall Both Sides Left For Pointing","20 cm. thick class-c HCB Wall Both Sides Left For Pointing",m²,"1,808.04",ETB,Direct Cost,16,Masonry,HCB Wall,
5,5.1,5.1.16,"20 cm. thick class-c Solid CB Wall Both Sides Left For Plastering.","20 cm. thick class-c Solid CB Wall Both Sides Left For Plastering.",m²,"1,963.31",ETB,Direct Cost,16,Masonry,Solid Block Wall,
5,5.1,5.1.17,"10 cm. thick class-b HCB Wall Both Sides Left For Plastering.","10 cm. thick class-b HCB Wall Both Sides Left For Plastering.",m²,"1,486.90",ETB,Direct Cost,16,Masonry,HCB Wall,
5,5.1,5.1.18,"10 cm. thick class-b Solid CB Wall Both Sides Left For Plastering.","10 cm. thick class-b Solid CB Wall Both Sides Left For Plastering.",m²,"1,728.30",ETB,Direct Cost,16,Masonry,Solid Block Wall,
5,5.1,5.1.19,"15 cm. thick class-b HCB Wall Both Sides Left For Plastering.","15 cm. thick class-b HCB Wall Both Sides Left For Plastering.",m²,"1,782.36",ETB,Direct Cost,16,Masonry,HCB Wall,
5,5.1,5.1.21,"15 cm. thick class-b Solid CB Wall Both Sides Left For Plastering.","15 cm. thick class-b Solid CB Wall Both Sides Left For Plastering.",m²,"2,244.25",ETB,Direct Cost,16,Masonry,Solid Block Wall,
5,5.1,5.1.22,"20 cm. thick class-b HCB Wall Both Sides Left For Pointing","20 cm. thick class-b HCB Wall Both Sides Left For Pointing",m²,"2,459.76",ETB,Direct Cost,16,Masonry,HCB Wall,
5,5.1,5.1.23,"20 cm. thick class-b Solid CB Wall Both Sides Left For Plastering.","20 cm. thick class-b Solid CB Wall Both Sides Left For Plastering.",m²,"2,917.44",ETB,Direct Cost,16,Masonry,Solid Block Wall,
5,5.1,5.1.24,"10 cm. thick class-a HCB Wall Both Sides Left For Plastering.","10 cm. thick class-a HCB Wall Both Sides Left For Plastering.",m²,"1,903.67",ETB,Direct Cost,16,Masonry,HCB Wall,
5,5.1,5.1.25,"10 cm. thick class-a Solid CB Wall Both Sides Left For Plastering.","10 cm. thick class-a Solid CB Wall Both Sides Left For Plastering.",m²,"2,367.29",ETB,Direct Cost,16,Masonry,Solid Block Wall,
5,5.1,5.1.26,"15 cm. thick class-a HCB Wall Both Sides Left For Plastering.","15 cm. thick class-a HCB Wall Both Sides Left For Plastering.",m²,"2,399.14",ETB,Direct Cost,16,Masonry,HCB Wall,
5,5.1,5.1.27,"15 cm. thick class-a Solid CB Wall Both Sides Left For Plastering.","15 cm. thick class-a Solid CB Wall Both Sides Left For Plastering.",m²,"3,038.49",ETB,Direct Cost,16,Masonry,Solid Block Wall,
5,5.1,5.1.28,"20 cm.thick class-a HCB Wall Both Sides Left For Pointing","20 cm.thick class-a HCB Wall Both Sides Left For Pointing",m²,"2,564.88",ETB,Direct Cost,17,Masonry,HCB Wall,
5,5.1,5.1.29,"20 cm. thick class-a Solid CB Wall Both Sides Left For Plastering.","20 cm. thick class-a Solid CB Wall Both Sides Left For Plastering.",m²,"3,689.88",ETB,Direct Cost,17,Masonry,Solid Block Wall,
5,5.1,5.1.30,"40 cm.thick Dressed Stone Masonry Wall one Side well dressed & the other plastered","40 cm.thick Dressed Stone Masonry Wall one Side well dressed & the other plastered",m²,"7,580.80",ETB,Direct Cost,17,Masonry,Stone Masonry,
5,5.1,5.1.31,"250mm .thick Double Brick Wall","250mm .thick Double Brick Wall",m²,"5,272.11",ETB,Direct Cost,17,Masonry,Brick Wall,
5,5.1,5.1.32,"120mm .thick Single Brick Wall","120mm .thick Single Brick Wall",m²,"2,744.51",ETB,Direct Cost,17,Masonry,Brick Wall,
5,5.1,5.1.33,"Chika wall with all wood work","Chika wall with all wood work",m²,"1,224.65",ETB,Direct Cost,17,Masonry,Timber Wall,
5,5.1,5.1.34,"Eucalyptus wood wall with all wood work","Eucalyptus wood wall with all wood work",m²,756.45,ETB,Direct Cost,17,Masonry,Timber Wall,
5,5.1,5.1.35,"2.5cm thick Timber wall with 10cm & 6cm dia. Eucalyptus and all wood work","2.5cm thick Timber wall with 10cm & 6cm dia. Eucalyptus and all wood work",m²,"1,633.75",ETB,Direct Cost,17,Masonry,Timber Wall,
5,5.1,5.1.36,"G32 CIS with Eucalyptus","G32 CIS with Eucalyptus",m²,"1,014.77",ETB,Direct Cost,17,Masonry,Timber Wall,
5,5.1,5.1.37,"8mm thick Chipwood wall with Eucalyptus dia.10cm and 5x7cm shashemene batten.","8mm thick Chipwood wall with Eucalyptus dia.10cm and 5x7cm shashemene batten.",m²,"1,571.79",ETB,Direct Cost,17,Masonry,Timber Wall,
5,5.1,5.1.38,"18mm thick Laminated MDF Wall with 5x7cm Shashemene batten wood work and all necessary work.","18mm thick Laminated MDF Wall with 5x7cm Shashemene batten wood work and all necessary work.",m²,"2,650.00",ETB,Direct Cost,17,Masonry,MDF Wall,
5,5.1,5.1.39,"18mm thick Laminated MDF Wall. With out batten","18mm thick Laminated MDF Wall. With out batten",m²,"1,756.93",ETB,Direct Cost,17,Masonry,MDF Wall,
5,5.1,5.1.40,"20x20mm and 1.5mm thick Wire mesh wall Welded on the frame","20x20mm and 1.5mm thick Wire mesh wall Welded on the frame",m²,"1,093.69",ETB,Direct Cost,17,Masonry,Wire Mesh,
5,5.1,5.1.41,"Barbed wire fence with 40x40x3mm Angle Iron Frame","Barbed wire fence with 40x40x3mm Angle Iron Frame",m²,"1,314.44",ETB,Direct Cost,17,Masonry,Fencing,
5,5.1,5.1.42,"Supply & lay class A galvanized 800*1000*2.5cm hexagonal Mesh rock size 100-250 for 1m³ as directed by the engineer. (7m 7m 7m 7m 7m 7m 7m 7a 7a 7a 7a 7a 7a 7a 8a 7a 7a 7a 7a 7a 7a)","Supply & lay class A galvanized 800*1000*2.5cm hexagonal Mesh rock size 100-250 for 1m³ as directed by the engineer. (7m 7m 7m 7m 7m 7m 7m 7a 7a 7a 7a 7a 7a 7a 8a 7a 7a 7a 7a 7a 7a)",m³,"6,959.18",ETB,Direct Cost,17,Masonry,Gabion,
5,5.1,5.1.45,"Supply & lay class A galvanized 800*1000*2.5cm hexagonal Mesh rock size 100-250 for 2m³ as directed by the engineer. Fabricated (7m 7m 7m 7m 7m 7m 7m 7a 7a 7a 7a 7a 7a 7a 8a 7a 7a 7a 7a 7a 7a)","Supply & lay class A galvanized 800*1000*2.5cm hexagonal Mesh rock size 100-250 for 2m³ as directed by the engineer. Fabricated (7m 7m 7m 7m 7m 7m 7m 7a 7a 7a 7a 7a 7a 7a 8a 7a 7a 7a 7a 7a 7a)",m³,"7,159.18",ETB,Direct Cost,17,Masonry,Gabion,
6,6.1,6.1.1,"Galvanized EGA 300 roof cover 0.30 mm thick","Galvanized EGA 300 roof cover 0.30 mm thick",m²,"1,596.25",ETB,Direct Cost,18,Roofing,EGA Roofing,
6,6.1,6.1.2,"Galvanized EGA 300 roof cover 0.35 mm thick","Galvanized EGA 300 roof cover 0.35 mm thick",m²,"1,785.51",ETB,Direct Cost,18,Roofing,EGA Roofing,
6,6.1,6.1.3,"Galvanized EGA 300 roof cover 0.40 mm thick","Galvanized EGA 300 roof cover 0.40 mm thick",m²,"1,958.45",ETB,Direct Cost,18,Roofing,EGA Roofing,
6,6.1,6.1.4,"Galvanized EGA 300 roof cover 0.50 mm thick","Galvanized EGA 300 roof cover 0.50 mm thick",m²,"2,135.55",ETB,Direct Cost,18,Roofing,EGA Roofing,
6,6.1,6.1.5,"Galvanized EGA 300 roof cover 0.60 mm thick","Galvanized EGA 300 roof cover 0.60 mm thick",m²,"2,385.35",ETB,Direct Cost,18,Roofing,EGA Roofing,
6,6.1,6.1.6,"Galvanized EGA 300 roof cover 0.70 mm thick","Galvanized EGA 300 roof cover 0.70 mm thick",m²,"2,632.49",ETB,Direct Cost,18,Roofing,EGA Roofing,
6,6.1,6.1.7,"Galvanized EGA 300 roof cover 0.80 mm thick","Galvanized EGA 300 roof cover 0.80 mm thick",m²,"2,863.96",ETB,Direct Cost,18,Roofing,EGA Roofing,
6,6.1,6.1.8,"Galvanized EGA 300 roof cover 1.00 mm thick","Galvanized EGA 300 roof cover 1.00 mm thick",m²,"3,107.64",ETB,Direct Cost,18,Roofing,EGA Roofing,
6,6.1,6.1.9,"Galvanized EGA 400 roof cover 0.30 mm thick","Galvanized EGA 400 roof cover 0.30 mm thick",m²,"1,780.73",ETB,Direct Cost,18,Roofing,EGA Roofing,
6,6.1,6.1.10,"Galvanized EGA 400 roof cover 0.35 mm thick","Galvanized EGA 400 roof cover 0.35 mm thick",m²,"1,987.74",ETB,Direct Cost,18,Roofing,EGA Roofing,
6,6.1,6.1.11,"Galvanized EGA 400 roof cover 0.40 mm thick","Galvanized EGA 400 roof cover 0.40 mm thick",m²,"2,217.70",ETB,Direct Cost,18,Roofing,EGA Roofing,
6,6.1,6.1.12,"Galvanized EGA 400 roof cover 0.50 mm thick","Galvanized EGA 400 roof cover 0.50 mm thick",m²,"2,430.31",ETB,Direct Cost,18,Roofing,EGA Roofing,
6,6.1,6.1.13,"Galvanized EGA 400 roof cover 0.60 mm thick","Galvanized EGA 400 roof cover 0.60 mm thick",m²,"2,623.64",ETB,Direct Cost,18,Roofing,EGA Roofing,
6,6.1,6.1.14,"Galvanized EGA 400 roof cover 0.70 mm thick","Galvanized EGA 400 roof cover 0.70 mm thick",m²,"2,847.72",ETB,Direct Cost,18,Roofing,EGA Roofing,
6,6.1,6.1.15,"Galvanized EGA 400 roof cover 0.80 mm thick","Galvanized EGA 400 roof cover 0.80 mm thick",m²,"3,071.13",ETB,Direct Cost,18,Roofing,EGA Roofing,
6,6.1,6.1.16,"Galvanized EGA 400 roof cover 1.00 mm thick","Galvanized EGA 400 roof cover 1.00 mm thick",m²,"3,264.50",ETB,Direct Cost,18,Roofing,EGA Roofing,
6,6.1,6.1.17,"Galvanized EGA 500 roof cover 0.30 mm thick","Galvanized EGA 500 roof cover 0.30 mm thick",m²,"1,846.07",ETB,Direct Cost,18,Roofing,EGA Roofing,
6,6.1,6.1.18,"Galvanized EGA 500 roof cover 0.35 mm thick","Galvanized EGA 500 roof cover 0.35 mm thick",m²,"2,116.70",ETB,Direct Cost,18,Roofing,EGA Roofing,
6,6.1,6.1.19,"Galvanized EGA 500 roof cover 0.40 mm thick","Galvanized EGA 500 roof cover 0.40 mm thick",m²,"2,300.15",ETB,Direct Cost,18,Roofing,EGA Roofing,
6,6.1,6.1.20,"Galvanized EGA 500 roof cover 0.50 mm thick","Galvanized EGA 500 roof cover 0.50 mm thick",m²,"2,523.61",ETB,Direct Cost,18,Roofing,EGA Roofing,
6,6.1,6.1.21,"Galvanized EGA 500 roof cover 0.60 mm thick","Galvanized EGA 500 roof cover 0.60 mm thick",m²,"2,731.78",ETB,Direct Cost,18,Roofing,EGA Roofing,
6,6.1,6.1.22,"Galvanized EGA 500 roof cover 0.70 mm thick","Galvanized EGA 500 roof cover 0.70 mm thick",m²,"2,935.84",ETB,Direct Cost,18,Roofing,EGA Roofing,
6,6.1,6.1.23,"Galvanized EGA 500 roof cover 0.80 mm thick","Galvanized EGA 500 roof cover 0.80 mm thick",m²,"3,213.53",ETB,Direct Cost,18,Roofing,EGA Roofing,
6,6.1,6.1.24,"Galvanized EGA 500 roof cover 1.00 mm thick","Galvanized EGA 500 roof cover 1.00 mm thick",m²,"3,488.80",ETB,Direct Cost,18,Roofing,EGA Roofing,
6,6.1,6.1.25,"Galvanized EGA 600 roof cover 0.30 mm thick","Galvanized EGA 600 roof cover 0.30 mm thick",m²,"1,915.24",ETB,Direct Cost,18,Roofing,EGA Roofing,
6,6.1,6.1.26,"Galvanized EGA 600 roof cover 0.35 mm thick","Galvanized EGA 600 roof cover 0.35 mm thick",m²,"2,110.72",ETB,Direct Cost,18,Roofing,EGA Roofing,
6,6.1,6.1.27,"Galvanized EGA 600 roof cover 0.40 mm thick","Galvanized EGA 600 roof cover 0.40 mm thick",m²,"2,313.65",ETB,Direct Cost,18,Roofing,EGA Roofing,
6,6.1,6.1.28,"Galvanized EGA 600 roof cover 0.50 mm thick","Galvanized EGA 600 roof cover 0.50 mm thick",m²,"2,543.02",ETB,Direct Cost,18,Roofing,EGA Roofing,
6,6.1,6.1.29,"Galvanized EGA 600 roof cover 0.60 mm thick","Galvanized EGA 600 roof cover 0.60 mm thick",m²,"2,756.42",ETB,Direct Cost,18,Roofing,EGA Roofing,
6,6.1,6.1.30,"Galvanized EGA 600 roof cover 0.70 mm thick","Galvanized EGA 600 roof cover 0.70 mm thick",m²,"2,977.88",ETB,Direct Cost,18,Roofing,EGA Roofing,
6,6.1,6.1.31,"Galvanized EGA 600 roof cover 0.80 mm thick","Galvanized EGA 600 roof cover 0.80 mm thick",m²,"3,263.52",ETB,Direct Cost,18,Roofing,EGA Roofing,
6,6.1,6.1.32,"Galvanized EGA 600 roof cover 1.00 mm thick","Galvanized EGA 600 roof cover 1.00 mm thick",m²,"3,584.72",ETB,Direct Cost,18,Roofing,EGA Roofing,
6,6.1,6.1.33,"Galvanized EGA 700 roof cover 0.30 mm thick","Galvanized EGA 700 roof cover 0.30 mm thick",m²,"1,997.42",ETB,Direct Cost,18,Roofing,EGA Roofing,
6,6.1,6.1.34,"Galvanized EGA 700 roof cover 0.35 mm thick","Galvanized EGA 700 roof cover 0.35 mm thick",m²,"2,153.62",ETB,Direct Cost,18,Roofing,EGA Roofing,
6,6.1,6.1.35,"Galvanized EGA 700 roof cover 0.40 mm thick","Galvanized EGA 700 roof cover 0.40 mm thick",m²,"2,329.62",ETB,Direct Cost,18,Roofing,EGA Roofing,
6,6.1,6.1.36,"Galvanized EGA 700 roof cover 0.50 mm thick","Galvanized EGA 700 roof cover 0.50 mm thick",m²,"2,631.07",ETB,Direct Cost,18,Roofing,EGA Roofing,
6,6.1,6.1.37,"Galvanized EGA 700 roof cover 0.60 mm thick